Treatment,Replicate,Seeds_Sown,Seeds_Germinated,Yield_g
Control | 0 mM,1,100,92,64.3
Control | 0 mM,2,101,95,63.5
Control | 0 mM,3,100,92,63.4
Control | 0 mM,4,102,94,62.0
Control | 0 mM,5,101,93,64.0
Control | 100 mM,1,100,77,52.8
Control | 100 mM,2,100,76,51.3
Control | 100 mM,3,100,76,49.1
Control | 100 mM,4,102,75,50.3
Control | 100 mM,5,98,75,50.5
Hydropriming | 100 mM,1,100,85,56.4
Hydropriming | 100 mM,2,99,83,55.4
Hydropriming | 100 mM,3,101,81,56.4
Hydropriming | 100 mM,4,99,83,54.1
Hydropriming | 100 mM,5,101,83,56.0
Hydropriming | 150 mM,1,99,69,49.1
Hydropriming | 150 mM,2,100,74,49.0
Hydropriming | 150 mM,3,101,77,48.6
Hydropriming | 150 mM,4,101,74,49.4
Hydropriming | 150 mM,5,98,74,50.4
Nano-Zn | 100 mM,1,101,91,58.0
Nano-Zn | 100 mM,2,98,84,58.4
Nano-Zn | 100 mM,3,102,86,61.1
Nano-Zn | 100 mM,4,100,87,57.5
Nano-Zn | 100 mM,5,100,88,61.4
Nano-Zn | 150 mM,1,100,82,59.0
Nano-Zn | 150 mM,2,100,76,50.4
Nano-Zn | 150 mM,3,102,80,52.6
Nano-Zn | 150 mM,4,100,77,53.8
Nano-Zn | 150 mM,5,100,80,54.3
